도시이름,날짜,요일한글,방문객한글,방문자수
전주시 완산구,20210101,금요일,외지인(b),71953 
전주시 완산구,20210102,토요일,외지인(b),89464 
전주시 완산구,20210103,일요일,외지인(b),66521 
전주시 완산구,20210104,월요일,외지인(b),66560 
전주시 완산구,20210105,화요일,외지인(b),66672 
전주시 완산구,20210106,수요일,외지인(b),66952 
전주시 완산구,20210107,목요일,외지인(b),49084 
전주시 완산구,20210108,금요일,외지인(b),63760 
전주시 완산구,20210109,토요일,외지인(b),82478 
전주시 완산구,20210110,일요일,외지인(b),64197 
전주시 완산구,20210111,월요일,외지인(b),69314 
전주시 완산구,20210112,화요일,외지인(b),71222 
전주시 완산구,20210113,수요일,외지인(b),74998 
전주시 완산구,20210114,목요일,외지인(b),77896 
전주시 완산구,20210115,금요일,외지인(b),85299 
전주시 완산구,20210116,토요일,외지인(b),107349 
전주시 완산구,20210117,일요일,외지인(b),81452 
전주시 완산구,20210118,월요일,외지인(b),66619 
전주시 완산구,20210119,화요일,외지인(b),78726 
전주시 완산구,20210120,수요일,외지인(b),83083 
전주시 완산구,20210121,목요일,외지인(b),81144 
전주시 완산구,20210122,금요일,외지인(b),89782 
전주시 완산구,20210123,토요일,외지인(b),111738 
전주시 완산구,20210124,일요일,외지인(b),92572 
전주시 완산구,20210125,월요일,외지인(b),86632 
전주시 완산구,20210126,화요일,외지인(b),82611 
전주시 완산구,20210127,수요일,외지인(b),88260 
전주시 완산구,20210128,목요일,외지인(b),81015 
전주시 완산구,20210129,금요일,외지인(b),91287 
전주시 완산구,20210130,토요일,외지인(b),116638 
전주시 완산구,20210131,일요일,외지인(b),98137 
전주시 완산구,20210201,월요일,외지인(b),68618 
전주시 완산구,20210202,화요일,외지인(b),70994 
전주시 완산구,20210203,수요일,외지인(b),73157 
전주시 완산구,20210204,목요일,외지인(b),74074 
전주시 완산구,20210205,금요일,외지인(b),86916 
전주시 완산구,20210206,토요일,외지인(b),108696 
전주시 완산구,20210207,일요일,외지인(b),90650 
전주시 완산구,20210208,월요일,외지인(b),82233 
전주시 완산구,20210209,화요일,외지인(b),87959 
전주시 완산구,20210210,수요일,외지인(b),103863 
전주시 완산구,20210211,목요일,외지인(b),122840 
전주시 완산구,20210212,금요일,외지인(b),137365 
전주시 완산구,20210213,토요일,외지인(b),133371 
전주시 완산구,20210214,일요일,외지인(b),97342 
전주시 완산구,20210215,월요일,외지인(b),85922 
전주시 완산구,20210216,화요일,외지인(b),82373 
전주시 완산구,20210217,수요일,외지인(b),78106 
전주시 완산구,20210218,목요일,외지인(b),86485 
전주시 완산구,20210219,금요일,외지인(b),103698 
전주시 완산구,20210220,토요일,외지인(b),129080 
전주시 완산구,20210221,일요일,외지인(b),110100 
전주시 완산구,20210222,월요일,외지인(b),96247 
전주시 완산구,20210223,화요일,외지인(b),94903 
전주시 완산구,20210224,수요일,외지인(b),95064 
전주시 완산구,20210225,목요일,외지인(b),94514 
전주시 완산구,20210226,금요일,외지인(b),107954 
전주시 완산구,20210227,토요일,외지인(b),138828 
전주시 완산구,20210228,일요일,외지인(b),134810 
전주시 완산구,20210301,월요일,외지인(b),87738 
전주시 완산구,20210302,화요일,외지인(b),81463 
전주시 완산구,20210303,수요일,외지인(b),84375 
전주시 완산구,20210304,목요일,외지인(b),82446 
전주시 완산구,20210305,금요일,외지인(b),95879 
전주시 완산구,20210306,토요일,외지인(b),119609 
전주시 완산구,20210307,일요일,외지인(b),99253 
전주시 완산구,20210308,월요일,외지인(b),87525 
전주시 완산구,20210309,화요일,외지인(b),89908 
전주시 완산구,20210310,수요일,외지인(b),92197 
전주시 완산구,20210311,목요일,외지인(b),93055 
전주시 완산구,20210312,금요일,외지인(b),101392 
전주시 완산구,20210313,토요일,외지인(b),132878 
전주시 완산구,20210314,일요일,외지인(b),107041 
전주시 완산구,20210315,월요일,외지인(b),94367 
전주시 완산구,20210316,화요일,외지인(b),94927 
전주시 완산구,20210317,수요일,외지인(b),95697 
전주시 완산구,20210318,목요일,외지인(b),97398 
전주시 완산구,20210319,금요일,외지인(b),108462 
전주시 완산구,20210320,토요일,외지인(b),130113 
전주시 완산구,20210321,일요일,외지인(b),109771 
전주시 완산구,20210322,월요일,외지인(b),94577 
전주시 완산구,20210323,화요일,외지인(b),96912 
전주시 완산구,20210324,수요일,외지인(b),98389 
전주시 완산구,20210325,목요일,외지인(b),100345 
전주시 완산구,20210326,금요일,외지인(b),113166 
전주시 완산구,20210327,토요일,외지인(b),132332 
전주시 완산구,20210328,일요일,외지인(b),108819 
전주시 완산구,20210329,월요일,외지인(b),99201 
전주시 완산구,20210330,화요일,외지인(b),99607 
전주시 완산구,20210331,수요일,외지인(b),102358 
전주시 완산구,20210401,목요일,외지인(b),70609 
전주시 완산구,20210402,금요일,외지인(b),83934 
전주시 완산구,20210403,토요일,외지인(b),106834 
전주시 완산구,20210404,일요일,외지인(b),88484 
전주시 완산구,20210405,월요일,외지인(b),72317 
전주시 완산구,20210406,화요일,외지인(b),71131 
전주시 완산구,20210407,수요일,외지인(b),71400 
전주시 완산구,20210408,목요일,외지인(b),74284 
전주시 완산구,20210409,금요일,외지인(b),85677 
전주시 완산구,20210410,토요일,외지인(b),122367 
전주시 완산구,20210411,일요일,외지인(b),97867 
전주시 완산구,20210412,월요일,외지인(b),69472 
전주시 완산구,20210413,화요일,외지인(b),71299 
전주시 완산구,20210414,수요일,외지인(b),72814 
전주시 완산구,20210415,목요일,외지인(b),75758 
전주시 완산구,20210416,금요일,외지인(b),86790 
전주시 완산구,20210417,토요일,외지인(b),124838 
전주시 완산구,20210418,일요일,외지인(b),100205 
전주시 완산구,20210419,월요일,외지인(b),77497 
전주시 완산구,20210420,화요일,외지인(b),78092 
전주시 완산구,20210421,수요일,외지인(b),78152 
전주시 완산구,20210422,목요일,외지인(b),79342 
전주시 완산구,20210423,금요일,외지인(b),95746 
전주시 완산구,20210424,토요일,외지인(b),132237 
전주시 완산구,20210425,일요일,외지인(b),105021 
전주시 완산구,20210426,월요일,외지인(b),84046 
전주시 완산구,20210427,화요일,외지인(b),82873 
전주시 완산구,20210428,수요일,외지인(b),84641 
전주시 완산구,20210429,목요일,외지인(b),87003 
전주시 완산구,20210430,금요일,외지인(b),105165 
전주시 완산구,20210501,토요일,외지인(b),135590 
전주시 완산구,20210502,일요일,외지인(b),112833 
전주시 완산구,20210503,월요일,외지인(b),84648 
전주시 완산구,20210504,화요일,외지인(b),87252 
전주시 완산구,20210505,수요일,외지인(b),112067 
전주시 완산구,20210506,목요일,외지인(b),88344 
전주시 완산구,20210507,금요일,외지인(b),101780 
전주시 완산구,20210508,토요일,외지인(b),145121 
전주시 완산구,20210509,일요일,외지인(b),115259 
전주시 완산구,20210510,월요일,외지인(b),78936 
전주시 완산구,20210511,화요일,외지인(b),76850 
전주시 완산구,20210512,수요일,외지인(b),82541 
전주시 완산구,20210513,목요일,외지인(b),83979 
전주시 완산구,20210514,금요일,외지인(b),98431 
전주시 완산구,20210515,토요일,외지인(b),131201 
전주시 완산구,20210516,일요일,외지인(b),98368 
전주시 완산구,20210517,월요일,외지인(b),82870 
전주시 완산구,20210518,화요일,외지인(b),96779 
전주시 완산구,20210519,수요일,외지인(b),110607 
전주시 완산구,20210520,목요일,외지인(b),86146 
전주시 완산구,20210521,금요일,외지인(b),100142 
전주시 완산구,20210522,토요일,외지인(b),141236 
전주시 완산구,20210523,일요일,외지인(b),109305 
전주시 완산구,20210524,월요일,외지인(b),85092 
전주시 완산구,20210525,화요일,외지인(b),85505 
전주시 완산구,20210526,수요일,외지인(b),85495 
전주시 완산구,20210527,목요일,외지인(b),86433 
전주시 완산구,20210528,금요일,외지인(b),98312 
전주시 완산구,20210529,토요일,외지인(b),139108 
전주시 완산구,20210530,일요일,외지인(b),112476 
전주시 완산구,20210531,월요일,외지인(b),85950 
전주시 완산구,20210601,화요일,외지인(b),73038 
전주시 완산구,20210602,수요일,외지인(b),73945 
전주시 완산구,20210603,목요일,외지인(b),72317 
전주시 완산구,20210604,금요일,외지인(b),92813 
전주시 완산구,20210605,토요일,외지인(b),133077 
전주시 완산구,20210606,일요일,외지인(b),102704 
전주시 완산구,20210607,월요일,외지인(b),78428 
전주시 완산구,20210608,화요일,외지인(b),78001 
전주시 완산구,20210609,수요일,외지인(b),79667 
전주시 완산구,20210610,목요일,외지인(b),79895 
전주시 완산구,20210611,금요일,외지인(b),93716 
전주시 완산구,20210612,토요일,외지인(b),127558 
전주시 완산구,20210613,일요일,외지인(b),103590 
전주시 완산구,20210614,월요일,외지인(b),81708 
전주시 완산구,20210615,화요일,외지인(b),80822 
전주시 완산구,20210616,수요일,외지인(b),85936 
전주시 완산구,20210617,목요일,외지인(b),87192 
전주시 완산구,20210618,금요일,외지인(b),102407 
전주시 완산구,20210619,토요일,외지인(b),139440 
전주시 완산구,20210620,일요일,외지인(b),113533 
전주시 완산구,20210621,월요일,외지인(b),88032 
전주시 완산구,20210622,화요일,외지인(b),87248 
전주시 완산구,20210623,수요일,외지인(b),87455 
전주시 완산구,20210624,목요일,외지인(b),90489 
전주시 완산구,20210625,금요일,외지인(b),106134 
전주시 완산구,20210626,토요일,외지인(b),137165 
전주시 완산구,20210627,일요일,외지인(b),111860 
전주시 완산구,20210628,월요일,외지인(b),90479 
전주시 완산구,20210629,화요일,외지인(b),90997 
전주시 완산구,20210630,수요일,외지인(b),93090 
전주시 완산구,20210701,목요일,외지인(b),79202 
전주시 완산구,20210702,금요일,외지인(b),95669 
전주시 완산구,20210703,토요일,외지인(b),122280 
전주시 완산구,20210704,일요일,외지인(b),102403 
전주시 완산구,20210705,월요일,외지인(b),79786 
전주시 완산구,20210706,화요일,외지인(b),77784 
전주시 완산구,20210707,수요일,외지인(b),81004 
전주시 완산구,20210708,목요일,외지인(b),85446 
전주시 완산구,20210709,금요일,외지인(b),101199 
전주시 완산구,20210710,토요일,외지인(b),134362 
전주시 완산구,20210711,일요일,외지인(b),108385 
전주시 완산구,20210712,월요일,외지인(b),86832 
전주시 완산구,20210713,화요일,외지인(b),87262 
전주시 완산구,20210714,수요일,외지인(b),86870 
전주시 완산구,20210715,목요일,외지인(b),87945 
전주시 완산구,20210716,금요일,외지인(b),101780 
전주시 완산구,20210717,토요일,외지인(b),130995 
전주시 완산구,20210718,일요일,외지인(b),111325 
전주시 완산구,20210719,월요일,외지인(b),91420 
전주시 완산구,20210720,화요일,외지인(b),90958 
전주시 완산구,20210721,수요일,외지인(b),92764 
전주시 완산구,20210722,목요일,외지인(b),93156 
전주시 완산구,20210723,금요일,외지인(b),104759 
전주시 완산구,20210724,토요일,외지인(b),125864 
전주시 완산구,20210725,일요일,외지인(b),105074 
전주시 완산구,20210726,월요일,외지인(b),97549 
전주시 완산구,20210727,화요일,외지인(b),94462 
전주시 완산구,20210728,수요일,외지인(b),94889 
전주시 완산구,20210729,목요일,외지인(b),99421 
전주시 완산구,20210730,금요일,외지인(b),111993 
전주시 완산구,20210731,토요일,외지인(b),132699 
전주시 완산구,20210801,일요일,외지인(b),100702 
전주시 완산구,20210802,월요일,외지인(b),96516 
전주시 완산구,20210803,화요일,외지인(b),94028 
전주시 완산구,20210804,수요일,외지인(b),91389 
전주시 완산구,20210805,목요일,외지인(b),90342 
전주시 완산구,20210806,금요일,외지인(b),99729 
전주시 완산구,20210807,토요일,외지인(b),116232 
전주시 완산구,20210808,일요일,외지인(b),93821 
전주시 완산구,20210809,월요일,외지인(b),86489 
전주시 완산구,20210810,화요일,외지인(b),87014 
전주시 완산구,20210811,수요일,외지인(b),88886 
전주시 완산구,20210812,목요일,외지인(b),88816 
전주시 완산구,20210813,금요일,외지인(b),101003 
전주시 완산구,20210814,토요일,외지인(b),128408 
전주시 완산구,20210815,일요일,외지인(b),122549 
전주시 완산구,20210816,월요일,외지인(b),106834 
전주시 완산구,20210817,화요일,외지인(b),90167 
전주시 완산구,20210818,수요일,외지인(b),87077 
전주시 완산구,20210819,목요일,외지인(b),89166 
전주시 완산구,20210820,금요일,외지인(b),98231 
전주시 완산구,20210821,토요일,외지인(b),111678 
전주시 완산구,20210822,일요일,외지인(b),99817 
전주시 완산구,20210823,월요일,외지인(b),83706 
전주시 완산구,20210824,화요일,외지인(b),81904 
전주시 완산구,20210825,수요일,외지인(b),87185 
전주시 완산구,20210826,목요일,외지인(b),90265 
전주시 완산구,20210827,금요일,외지인(b),87315 
전주시 완산구,20210828,토요일,외지인(b),112536 
전주시 완산구,20210829,일요일,외지인(b),91522 
전주시 완산구,20210830,월요일,외지인(b),85281 
전주시 완산구,20210901,수요일,외지인(b),69150 
전주시 완산구,20210902,목요일,외지인(b),72454 
전주시 완산구,20210903,금요일,외지인(b),84315 
전주시 완산구,20210904,토요일,외지인(b),113897 
전주시 완산구,20210905,일요일,외지인(b),92428 
전주시 완산구,20210906,월요일,외지인(b),75481 
전주시 완산구,20210907,화요일,외지인(b),77014 
전주시 완산구,20210908,수요일,외지인(b),81648 
전주시 완산구,20210909,목요일,외지인(b),83332 
전주시 완산구,20210910,금요일,외지인(b),95323 
전주시 완산구,20210911,토요일,외지인(b),126298 
전주시 완산구,20210912,일요일,외지인(b),101322 
전주시 완산구,20210913,월요일,외지인(b),86517 
전주시 완산구,20210914,화요일,외지인(b),87724 
전주시 완산구,20210915,수요일,외지인(b),91147 
전주시 완산구,20210916,목요일,외지인(b),94210 
전주시 완산구,20210917,금요일,외지인(b),106005 
전주시 완산구,20210918,토요일,외지인(b),142951 
전주시 완산구,20210919,일요일,외지인(b),161004 
전주시 완산구,20210920,월요일,외지인(b),166268 
전주시 완산구,20210921,화요일,외지인(b),159460 
전주시 완산구,20210922,수요일,외지인(b),119917 
전주시 완산구,20210923,목요일,외지인(b),97657 
전주시 완산구,20210924,금요일,외지인(b),100975 
전주시 완산구,20210925,토요일,외지인(b),121954 
전주시 완산구,20210926,일요일,외지인(b),97209 
전주시 완산구,20210927,월요일,외지인(b),87847 
