,도시이름,날짜,요일한글,방문객한글,방문자수
0,전주시 완산구,20210506,목요일,외지인(b),88343.5
1,전주시 완산구,20210507,금요일,외지인(b),101780.0
2,전주시 완산구,20210504,화요일,외지인(b),87251.5
3,전주시 완산구,20210508,토요일,외지인(b),145120.5
4,전주시 완산구,20210505,수요일,외지인(b),112066.5
5,전주시 완산구,20210509,일요일,외지인(b),115258.5
6,전주시 완산구,20210510,월요일,외지인(b),78935.5
7,전주시 완산구,20210616,수요일,외지인(b),85935.5
8,전주시 완산구,20210615,화요일,외지인(b),80822.0
9,전주시 완산구,20210618,금요일,외지인(b),102406.5
10,전주시 완산구,20210619,토요일,외지인(b),139440.0
11,전주시 완산구,20210617,목요일,외지인(b),87192.0
12,전주시 완산구,20210620,일요일,외지인(b),113533.0
13,전주시 완산구,20210621,월요일,외지인(b),88032.0
14,전주시 완산구,20210605,토요일,외지인(b),133077.0
15,전주시 완산구,20210623,수요일,외지인(b),87454.5
16,전주시 완산구,20210622,화요일,외지인(b),87248.0
17,전주시 완산구,20210606,일요일,외지인(b),102704.0
18,전주시 완산구,20210607,월요일,외지인(b),78428.0
19,전주시 완산구,20210608,화요일,외지인(b),78001.0
20,전주시 완산구,20210609,수요일,외지인(b),79667.0
21,전주시 완산구,20210610,목요일,외지인(b),79894.5
22,전주시 완산구,20210612,토요일,외지인(b),127557.5
23,전주시 완산구,20210611,금요일,외지인(b),93716.0
24,전주시 완산구,20210614,월요일,외지인(b),81707.5
25,전주시 완산구,20210613,일요일,외지인(b),103589.5
26,전주시 완산구,20210702,금요일,외지인(b),95669.0
27,전주시 완산구,20210704,일요일,외지인(b),102403.0
28,전주시 완산구,20210703,토요일,외지인(b),122279.5
29,전주시 완산구,20210706,화요일,외지인(b),77784.0
30,전주시 완산구,20210705,월요일,외지인(b),79786.0
31,전주시 완산구,20210707,수요일,외지인(b),81004.0
32,전주시 완산구,20210709,금요일,외지인(b),101199.0
33,전주시 완산구,20210708,목요일,외지인(b),85445.5
34,전주시 완산구,20210710,토요일,외지인(b),134361.5
35,전주시 완산구,20210711,일요일,외지인(b),108384.5
36,전주시 완산구,20210624,목요일,외지인(b),90489.0
37,전주시 완산구,20210625,금요일,외지인(b),106134.0
38,전주시 완산구,20210626,토요일,외지인(b),137165.0
39,전주시 완산구,20210627,일요일,외지인(b),111860.0
40,전주시 완산구,20210629,화요일,외지인(b),90996.5
41,전주시 완산구,20210628,월요일,외지인(b),90478.5
42,전주시 완산구,20210701,목요일,외지인(b),79201.5
43,전주시 완산구,20210630,수요일,외지인(b),93089.5
44,전주시 완산구,20210526,수요일,외지인(b),85494.5
45,전주시 완산구,20210525,화요일,외지인(b),85505.0
46,전주시 완산구,20210527,목요일,외지인(b),86432.5
47,전주시 완산구,20210528,금요일,외지인(b),98311.5
48,전주시 완산구,20210530,일요일,외지인(b),112476.0
49,전주시 완산구,20210529,토요일,외지인(b),139107.5
50,전주시 완산구,20210531,월요일,외지인(b),85949.5
51,전주시 완산구,20210601,화요일,외지인(b),73038.0
52,전주시 완산구,20210602,수요일,외지인(b),73944.5
53,전주시 완산구,20210603,목요일,외지인(b),72317.0
54,전주시 완산구,20210604,금요일,외지인(b),92813.0
55,전주시 완산구,20210517,월요일,외지인(b),82869.5
56,전주시 완산구,20210518,화요일,외지인(b),96778.5
57,전주시 완산구,20210520,목요일,외지인(b),86145.5
58,전주시 완산구,20210519,수요일,외지인(b),110607.0
59,전주시 완산구,20210523,일요일,외지인(b),109305.0
60,전주시 완산구,20210522,토요일,외지인(b),141235.5
61,전주시 완산구,20210521,금요일,외지인(b),100142.0
62,전주시 완산구,20210524,월요일,외지인(b),85092.0
63,전주시 완산구,20210730,금요일,외지인(b),111993.0
64,전주시 완산구,20210813,금요일,외지인(b),101003.0
65,전주시 완산구,20210812,목요일,외지인(b),88816.0
66,전주시 완산구,20210712,월요일,외지인(b),86831.5
67,전주시 완산구,20210717,토요일,외지인(b),130994.5
68,전주시 완산구,20210718,일요일,외지인(b),111324.5
69,전주시 완산구,20210719,월요일,외지인(b),91420.0
70,전주시 완산구,20210805,목요일,외지인(b),90342.0
71,전주시 완산구,20210804,수요일,외지인(b),91388.5
72,전주시 완산구,20210803,화요일,외지인(b),94027.5
73,전주시 완산구,20210723,금요일,외지인(b),104758.5
74,전주시 완산구,20210724,토요일,외지인(b),125863.5
75,전주시 완산구,20210725,일요일,외지인(b),105073.5
76,전주시 완산구,20210818,수요일,외지인(b),87076.5
77,전주시 완산구,20210726,월요일,외지인(b),97548.5
78,전주시 완산구,20210817,화요일,외지인(b),90167.0
79,전주시 완산구,20210810,화요일,외지인(b),87013.5
80,전주시 완산구,20210924,금요일,외지인(b),100975.0
81,전주시 완산구,20210811,수요일,외지인(b),88886.0
82,전주시 완산구,20210814,토요일,외지인(b),128408.0
83,전주시 완산구,20210921,화요일,외지인(b),159460.0
84,전주시 완산구,20210923,목요일,외지인(b),97657.0
85,전주시 완산구,20210815,일요일,외지인(b),122549.0
86,전주시 완산구,20210731,토요일,외지인(b),132699.0
87,전주시 완산구,20210919,일요일,외지인(b),161003.5
88,전주시 완산구,20210801,일요일,외지인(b),100702.0
89,전주시 완산구,20210802,월요일,외지인(b),96516.0
90,전주시 완산구,20210918,토요일,외지인(b),142950.5
91,전주시 완산구,20210806,금요일,외지인(b),99729.0
92,전주시 완산구,20210807,토요일,외지인(b),116231.5
93,전주시 완산구,20210808,일요일,외지인(b),93821.0
94,전주시 완산구,20210917,금요일,외지인(b),106004.5
95,전주시 완산구,20210916,목요일,외지인(b),94209.5
96,전주시 완산구,20210816,월요일,외지인(b),106834.0
97,전주시 완산구,20210925,토요일,외지인(b),121954.0
98,전주시 완산구,20210809,월요일,외지인(b),86488.5
99,전주시 완산구,20210821,토요일,외지인(b),111678.0
100,전주시 완산구,20210828,토요일,외지인(b),112535.5
101,전주시 완산구,20210729,목요일,외지인(b),99421.0
102,전주시 완산구,20210728,수요일,외지인(b),94888.5
103,전주시 완산구,20210713,화요일,외지인(b),87262.0
104,전주시 완산구,20210714,수요일,외지인(b),86870.0
105,전주시 완산구,20210824,화요일,외지인(b),81903.5
106,전주시 완산구,20210819,목요일,외지인(b),89166.0
107,전주시 완산구,20210716,금요일,외지인(b),101780.0
108,전주시 완산구,20210715,목요일,외지인(b),87944.5
109,전주시 완산구,20210825,수요일,외지인(b),87185.0
110,전주시 완산구,20210822,일요일,외지인(b),99816.5
111,전주시 완산구,20210720,화요일,외지인(b),90958.0
112,전주시 완산구,20210721,수요일,외지인(b),92764.0
113,전주시 완산구,20210820,금요일,외지인(b),98231.0
114,전주시 완산구,20210827,금요일,외지인(b),87314.5
115,전주시 완산구,20210722,목요일,외지인(b),93156.0
116,전주시 완산구,20210823,월요일,외지인(b),83706.0
117,전주시 완산구,20210727,화요일,외지인(b),94461.5
118,전주시 완산구,20210826,목요일,외지인(b),90265.0
119,전주시 완산구,20210901,수요일,외지인(b),69149.5
120,전주시 완산구,20210913,월요일,외지인(b),86516.5
121,전주시 완산구,20210906,월요일,외지인(b),75481.0
122,전주시 완산구,20210912,일요일,외지인(b),101321.5
123,전주시 완산구,20210922,수요일,외지인(b),119917.0
124,전주시 완산구,20210905,일요일,외지인(b),92428.0
125,전주시 완산구,20210911,토요일,외지인(b),126297.5
126,전주시 완산구,20210910,금요일,외지인(b),95322.5
127,전주시 완산구,20210904,토요일,외지인(b),113897.0
128,전주시 완산구,20210909,목요일,외지인(b),83331.5
129,전주시 완산구,20210915,수요일,외지인(b),91147.0
130,전주시 완산구,20210920,월요일,외지인(b),166267.5
131,전주시 완산구,20210903,금요일,외지인(b),84315.0
132,전주시 완산구,20210908,수요일,외지인(b),81648.0
133,전주시 완산구,20210914,화요일,외지인(b),87724.0
134,전주시 완산구,20210902,목요일,외지인(b),72453.5
135,전주시 완산구,20210829,일요일,외지인(b),91521.5
136,전주시 완산구,20210907,화요일,외지인(b),77014.0
137,전주시 완산구,20210830,월요일,외지인(b),85281.0
138,전주시 완산구,20210926,일요일,외지인(b),97209.0
139,전주시 완산구,20210927,월요일,외지인(b),87846.5
